"★核心","分类","指标名称","单位","江西值","计算口径","领导关注点","参考基准","全国排名","较上年","达标状态","数据来源系统","展示位置","原型现状"
"★","A 疾病负担与结局","恶性肿瘤发病率（粗）","/10万","353.4","新发例数 ÷ 常住人口 × 10 万","全省癌症负担有多大，是在涨还是降","≤ 全国平均","17/31","+1.6%","未达标","肿瘤登记 + 人口基数","指标总表","驾驶舱已有"
"","A 疾病负担与结局","恶性肿瘤发病率（中标化）","/10万","305.6","按标准人口年龄结构调整后的发病率","去除老龄化影响后，江西还是不是""癌多""","—","16/31","+1.1%","中性","肿瘤登记 + 标准人口构成","指标总表","驾驶舱已有"
"","A 疾病负担与结局","恶性肿瘤死亡率（粗）","/10万","225.0","肿瘤死亡例数 ÷ 常住人口 × 10 万","死亡负担，是""健康江西""考核的最终成绩单","≤ 全国平均","12/31","-0.8%","未达标","死因监测 + 肿瘤登记","指标总表","驾驶舱已有"
"","A 疾病负担与结局","恶性肿瘤死亡率（中标化）","/10万","194.6","标准人口调整后的死亡率，用于跨地区可比","跨地区、跨年可比性的死亡率，汇报口径要统一","≤ 全国平均","11/31","-1.2%","未达标","死因监测 + 标准人口构成","指标总表","驾驶舱已有"
"★","A 疾病负担与结局","死亡发病比 M/I","","0.64","肿瘤死亡例数 ÷ 新发例数","登记质量的""总闸""：低于 0.55 大概率漏报死亡","0.55 ~ 0.85","14/31","+0.01","达标","肿瘤登记 + 死因监测","指标总表","驾驶舱已有"
"★","A 疾病负担与结局","70 岁以下癌症早死率","%","15.8","30~69 岁因癌死亡概率（寿命表法）","健康中国 2030 的硬指标，直接对应""过早死亡""","较 2020 下降 15%","—","-3.4%","预警","死因监测 + 寿命表","指标总表","缺（需寿命表）"
"★","A 疾病负担与结局","5 年相对生存率","%","41.8","同期患者 5 年生存率 ÷ 期望生存率","肿瘤防控的总成绩，但要等队列成熟","≥ 46%（2030）","—","+1.5pp","未达标","随访库 + 寿命表","指标总表","部分（队列未成熟）"
"","A 疾病负担与结局","前五位癌种集中度","%","58.4","前五位癌种新发例数 ÷ 全部新发","抓重点：一半以上的工作量在 5 个癌种","—","—","+0.6pp","中性","肿瘤登记","指标总表","缺"
"","A 疾病负担与结局","老龄化标化差异（粗−中标）","/10万","47.8","粗率 − 中标率，反映人口老龄化影响","解释""为什么粗率涨得比中标率快""","—","—","+0.5","中性","肿瘤登记 + 标准人口构成","指标总表","缺"
"★","B 早期发现","重点癌种早诊率（I+II 期）","%","39.2","I+II 期例数 ÷ 有分期信息的例数","早诊率每提高 1pp，5 年生存率约提高 1.5pp","≥ 50%","—","+1.2pp","未达标","肿瘤登记（分期字段）","指标总表","画像已有"
"★","B 早期发现","首诊时局部晚期（III 期）占比","%","39.5","III 期例数 ÷ 有分期信息的例数","III 期是""还能救""的人群，前移空间最大","≤ 30%","—","-0.4pp","未达标","肿瘤登记（分期字段）","指标总表","缺"
"","B 早期发现","首诊时远处转移（IV 期）占比","%","21.3","IV 期例数 ÷ 有分期信息的例数","IV 期占比高 = 早诊早治没有起作用","≤ 25%","—","-0.6pp","达标","肿瘤登记（分期字段）","指标总表","画像已有"
"★","B 早期发现","TNM 分期缺失率","%","17.6","无有效分期例数 ÷ 全部新发例数","分期缺失率高，上面所有早诊率都不可信","≤ 10%","—","-1.8pp","未达标","肿瘤登记（分期字段）","指标总表","画像已有"
"","B 早期发现","城市癌症早诊早治筛查完成率","%","62.4","实际筛查人数 ÷ 年度任务数","国家项目任务完成情况，可被直接考核","≥ 100%","—","+4.1pp","未达标","筛查项目库","指标总表","缺"
"","B 早期发现","农村两癌筛查完成率","%","78.9","实际筛查人数 ÷ 年度任务数","民生实事，专项考核","≥ 100%","—","+2.6pp","未达标","妇幼 + 筛查项目库","指标总表","缺"
"","B 早期发现","结直肠癌筛查完成率","%","54.3","实际筛查人数 ÷ 年度任务数","筛查完成率最低的项目，短板明确","≥ 100%","—","-1.4pp","预警","筛查项目库","指标总表","缺"
"","B 早期发现","筛查阳性随访闭环率","%","71.6","完成随访的阳性例数 ÷ 阳性例数","查出来不跟，等于白查","≥ 90%","—","+3.2pp","未达标","筛查项目库 + 随访库","指标总表","缺"
"","B 早期发现","体检/机会性筛查发现占比","%","18.7","健康体检发现例数 ÷ 全部新发例数","衡量""被动发现""比例，越高越说明主动性不足","—","—","+0.9pp","中性","肿瘤登记（发现途径）","指标总表","缺"
"","B 早期发现","癌症防治核心知识知晓率","%","68.2","问卷达标人数 ÷ 调查人数","健康中国考核项，与早诊率联动","≥ 80%","—","+2.2pp","未达标","健康素养监测","指标总表","缺"
"","B 早期发现","HPV 疫苗接种覆盖率（适龄女孩）","%","21.4","完成接种人数 ÷ 适龄女孩数","宫颈癌一级预防的先行指标","—","—","+5.8pp","中性","免疫规划","指标总表","缺"
"★","C 规范诊疗","病理确诊率 MV%","%","74.5","有病理诊断例数 ÷ 全部新发例数","没有病理就没有真诊断，登记质量的硬门槛","≥ 70%","—","+0.4pp","达标","肿瘤登记","指标总表","驾驶舱已有"
"","C 规范诊疗","临床分期完整率","%","82.4","有完整分期例数 ÷ 有分期例数","分期不完整，规范诊疗无从评价","≥ 90%","—","+1.1pp","未达标","肿瘤登记（分期字段）","指标总表","部分已有"
"★","C 规范诊疗","手术/放疗/化疗规范治疗率","%","76.8","按指南接受规范治疗的例数 ÷ 应治疗例数","诊疗规范性的主指标","≥ 85%","—","+1.4pp","未达标","病案首页 + 诊疗库","指标总表","缺"
"","C 规范诊疗","多学科会诊（MDT）覆盖率","%","34.6","经 MDT 讨论的例数 ÷ 住院肿瘤例数","疑难重症能力建设的抓手，也是""少外流""的前提","≥ 50%","—","+3.8pp","未达标","病案 + MDT 记录","指标总表","缺"
"","C 规范诊疗","放疗设备可及性（每百万人口）","台","1.42","放疗设备数 ÷ 常住人口 × 100 万","放疗能力直接决定患者要不要出省","≥ 2.0","—","+0.11","未达标","卫生资源统计","指标总表","缺"
"","C 规范诊疗","肿瘤专科床位数（每千人口）","张","0.58","肿瘤科床位 ÷ 常住人口 × 1000","承接能力的物理上限","—","—","+0.03","中性","卫生资源统计","指标总表","缺"
"","C 规范诊疗","肿瘤专科医师数（每千人口）","人","0.21","肿瘤专科医师 ÷ 常住人口 × 1000","人才是能力建设的瓶颈","—","—","+0.01","中性","卫生人力统计","指标总表","缺"
"","C 规范诊疗","日间化疗占比","%","41.2","日间化疗人次 ÷ 化疗总人次","降低住院负担、提高效率","—","—","+4.5pp","中性","病案首页","指标总表","缺"
"","C 规范诊疗","癌痛规范化治疗率","%","63.7","规范化镇痛例数 ÷ 癌痛例数","生存质量指标，专项检查项","≥ 80%","—","+2.9pp","未达标","病案 + 疼痛评估","指标总表","缺"
"","C 规范诊疗","安宁疗护服务覆盖率","%","22.1","接受安宁疗护的终末期例数 ÷ 终末期例数","晚期患者照护短板","—","—","+3.1pp","中性","安宁疗护机构统计","指标总表","缺"
"","C 规范诊疗","临床试验参与例数","例","486","参加临床试验的肿瘤例数","反映诊疗水平与创新能力","—","—","+12.4%","中性","GCP 平台","指标总表","缺"
"","C 规范诊疗","肿瘤患者平均住院日","天","9.8","肿瘤住院总天数 ÷ 出院人次","效率指标，与费用联动","≤ 10","—","-0.3","达标","病案首页","指标总表","缺"
"","D 随访管理","随访覆盖率","%","81.5","完成随访例数 ÷ 应随访例数","分母：随访覆盖不够，生存率就是个笑话","≥ 90%","—","+1.1pp","未达标","随访库","指标总表","驾驶舱已有"
"","D 随访管理","失访率","%","6.8","失访例数 ÷ 应随访例数","失访率高会系统性高估生存率","≤ 5%","—","-0.4pp","未达标","随访库","指标总表","缺"
"","D 随访管理","生存随访完成率（满 5 年）","%","71.4","满 5 年随访例数 ÷ 应随访例数","5 年生存率能否算出来的前提","≥ 85%","—","+2.8pp","未达标","随访库","指标总表","缺"
"","D 随访管理","死亡信息回填及时率","%","93.1","按期回填死亡信息的例数 ÷ 应回填例数","死亡漏报是登记质量最大漏洞","≥ 95%","—","+1.2pp","未达标","死因监测联动","指标总表","缺"
"","D 随访管理","存活患者年度随访率","%","84.2","年度内随访到的存活例数 ÷ 存活例数","常规工作量的直观体现","≥ 90%","—","+0.9pp","未达标","随访库","指标总表","缺"
"","D 随访管理","随访方式构成（门诊/电话/上门）","%","52.3","门诊随访例数 ÷ 全部随访例数","上门随访比例过低 = 困难群众失访风险高","—","—","+1.7pp","中性","随访库","指标总表","部分已有"
"","D 随访管理","随访异常事件响应率","%","87.4","已处置的异常事件 ÷ 异常事件数","随访发现问题能不能变成行动","≥ 95%","—","+2.2pp","未达标","随访库 + 预警工单","指标总表","缺"
"★","E 就医流向","跨省就医流出率","%","8.7","在省外医疗机构首次治疗的例数 ÷ 全部新发例数","患者用脚投票，最刺眼","≤ 5%（建议）","10/18","+0.3pp","预警","医保结算 + 病案首页","流向专题 · 四分流","缺"
"★","E 就医流向","省外就医流入率","%","2.2","外省患者来赣首次治疗例数 ÷ 全部新发例数","会不会""吸""病人，与流出同等重要","≥ 5%（建议）","15/18","+0.1pp","未达标","医保结算 + 病案首页","流向专题 · 四分流","缺"
"★","E 就医流向","患者净流入率","%","-6.5","流入率 − 流出率","一个数说清""是净流出还是净流入""","≥ 0","15/18","-0.2pp","未达标","医保结算 + 病案首页","流向专题 · 四分流","缺"
"★","E 就医流向","县域内就诊率","%","41.7","在县域内机构首次治疗的例数 ÷ 全部新发例数","分级诊疗成不成立的总开关","≥ 60%（肿瘤专项建议）","—","+0.4pp","未达标","医保结算 + 病案首页","流向专题 · 四分流","画像已有"
"","E 就医流向","县域外就诊率","%","58.3","100 − 县域内就诊率","与县域内就诊率互补，看外流总盘子","≤ 40%","—","-0.4pp","未达标","医保结算 + 病案首页","流向专题 · 四分流","画像已有"
"","E 就医流向","省内跨市就医率","%","20.5","在本省其他市首次治疗的例数 ÷ 全部新发例数","省内虹吸强度，南昌一家独大的证据","—","—","+0.2pp","中性","医保结算 + 病案首页","流向专题 · 四分流","缺"
"","E 就医流向","本市内跨县就医率","%","29.0","在本市其他县首次治疗的例数 ÷ 全部新发例数","市域内医疗中心的作用","—","—","+0.1pp","中性","医保结算 + 病案首页","流向专题 · 四分流","缺"
"","E 就医流向","跨省流出例数","例","13,946","跨省流出率 × 全部新发例数","率一样的时候，例数决定工作量与钱","—","—","+3.2%","中性","医保结算 + 病案首页","流向专题 · 分市排名","缺"
"","E 就医流向","省际流出率排名（低为好）","名","10","在 18 省样本中按跨省流出率升序排名","横向对比才有说服力，防止自我感觉良好","前 8 名","10/18","—","中性","各省年报（样本）","流向专题 · 省际对比","缺"
"","E 就医流向","异地 vs 本地次均住院费用差","%","75.8","跨省次均住院费用 ÷ 省内次均 − 1","外流带来的经济代价，与医保、乡村振兴都讲得通","—","—","+2.1pp","中性","医保结算 + 病案首页","流向专题 · 费用卡","画像已有"
"★","E 就医流向","医保基金省外结算额（肿瘤患者）","亿元","7.88","跨省就医费用 × 医保承担比例","钱流到哪省，最能让领导当场追问","较上年下降","—","+8.4%","预警","医保部门数据（需共享）","流向专题 · 费用卡","缺（外部数据源）"
"","E 就医流向","流出患者主要病种集中度","%","41.7","前 3 病种流出例数 ÷ 全部流出例数","前三个病种就是主攻方向","—","—","+1.6pp","中性","流向 + 病种","流向专题 · 病种谱","缺"
"","F 数据质量","登记覆盖率","%","88.6","实际登记例数 ÷ 估算应登记例数","分母：所有率的分母可信度","≥ 95%","—","+0.8pp","未达标","肿瘤登记 + 估算模型","指标总表","驾驶舱已有"
"★","F 数据质量","估算漏报率","%","11.4","100 − 登记覆盖率","漏报是登记系统最致命的病","≤ 5%","—","-0.8pp","未达标","肿瘤登记 + 估算模型","指标总表","驾驶舱已有"
"","F 数据质量","报告及时率","%","93.4","按期上报的卡片数 ÷ 应上报卡片数","及时率低 = 月度分析全是滞后的","≥ 95%","—","+0.5pp","未达标","登记直报系统","指标总表","驾驶舱已有"
"★","F 数据质量","数据完整率","%","85.7","必填字段全部填写的卡片 ÷ 全部卡片","字段缺失直接影响分层分析可行性","≥ 95%","—","+1.4pp","未达标","登记直报系统","指标总表","驾驶舱已有"
"","F 数据质量","数据有效率","%","90.2","通过逻辑校验的卡片 ÷ 全部卡片","有效率高才敢直接拿来做分析","≥ 95%","—","+0.6pp","未达标","登记直报系统","指标总表","驾驶舱已有"
"","F 数据质量","ICD-O-3 编码正确率","%","96.1","编码正确的卡片 ÷ 抽查卡片","编码错 = 病种分析全错","≥ 98%","—","+0.3pp","未达标","登记直报系统","指标总表","部分已有"
"★","F 数据质量","DCO 占比（仅凭死亡证明登记）","%","4.9","仅有死亡证明的例数 ÷ 全部新发例数","DCO 高 = 活着的时候没进系统","≤ 5%","—","+0.1pp","达标","肿瘤登记","指标总表","驾驶舱已有"
"★","F 数据质量","UB 占比（生前未就诊比例）","%","4.3","生前未就诊例数 ÷ 全部新发例数","UB 高 = 医疗可及性问题","≤ 5%","—","-0.2pp","达标","肿瘤登记","指标总表","驾驶舱已有"
"★","F 数据质量","重复报告率（重卡率）","%","3.3","重复卡片数 ÷ 全部卡片数","重卡 = 分子虚高，所有率都偏高","≤ 3%","—","+0.2pp","未达标","登记直报系统","指标总表","驾驶舱已有"
"","F 数据质量","国家平台上报成功率","%","96.7","成功上报国家的卡片 ÷ 应上报卡片数","上报不成功，国家考核直接扣分","≥ 98%","—","+0.4pp","未达标","国家上报系统","指标总表","驾驶舱已有"
"","F 数据质量","登记机构数","个","391","开展肿瘤登记的医疗机构数","网底有多厚，直接决定覆盖率上限","—","—","+6","中性","登记直报系统","指标总表","驾驶舱已有"
"","G 保障投入","肿瘤防治专项经费","亿元","2.84","年度肿瘤防治专项财政投入","钱到没到位，是一切工作的前提","较上年增长","—","+5.2%","中性","财政/卫健财务","指标总表","缺"
"","G 保障投入","人均肿瘤防治经费","元","6.28","专项经费 ÷ 常住人口","横向比较更公平的口径","—","—","+5.1%","中性","财政/卫健财务","指标总表","缺"
"","G 保障投入","筛查项目人均补助","元","42.5","筛查专项经费 ÷ 筛查人数","补助标准决定基层筛查积极性","—","—","+2.4%","中性","财政/卫健财务","指标总表","缺"
