"全国排名","省份","区域","跨省流出率","省外流入率","净流入率"
"1","甘肃省","西部","12.6%","0.8%","-11.8%"
"2","贵州省","西部","11.8%","1.1%","-10.7%"
"3","安徽省","中部","11.2%","1.9%","-9.3%"
"4","河北省","东部","10.4%","2.2%","-8.2%"
"5","云南省","西部","10.1%","1.4%","-8.7%"
"6","河南省","中部","9.8%","2.0%","-7.8%"
"7","广西","西部","9.5%","1.8%","-7.7%"
"8","四川省","西部","9.1%","3.1%","-6.0%"
"9","湖北省","中部","8.8%","3.6%","-5.2%"
"10","江西省","中部","8.7%","2.2%","-6.5%"
"11","湖南省","中部","8.6%","2.4%","-6.2%"
"12","广东省","南部","7.0%","9.6%","+2.6%"
"13","山东省","东部","6.6%","5.1%","-1.5%"
"14","江苏省","东部","6.4%","8.2%","+1.8%"
"15","浙江省","东部","6.1%","7.8%","+1.7%"
"16","天津市","东部","5.4%","6.2%","+0.8%"
"17","上海市","东部","4.2%","16.1%","+11.9%"
"18","北京市","东部","3.6%","18.4%","+14.8%"
