"行政区划代码","地市","常住人口万","新发例数","粗发病率","死亡例数","MI","早诊率I加II期","随访覆盖率","病理MV率","DCO率","重卡率","县域内就诊率","本市内跨县率","省内跨市率","跨省流出率","省外流入率","跨省流出例数","省内医疗机构数"
"360100","南昌市","657.0","24,440","372.0","15,153","0.62","NaN%","88.5%","79.5%","3.6%","2.0%","21.4%","41.3%","33.0%","4.3%","6.1%","1,051","62"
"360200","景德镇市","161.8","5,566","344.0","3,562","0.64","NaN%","82.4%","73.2%","4.6%","2.7%","46.2%","26.0%","18.0%","9.8%","1.2%","545","19"
"360300","萍乡市","179.7","6,433","358.0","4,375","0.68","NaN%","79.8%","71.6%","5.2%","3.1%","44.1%","26.9%","17.4%","11.6%","1.0%","746","22"
"360400","九江市","455.2","15,978","351.0","10,385","0.65","NaN%","85.1%","76.4%","4.3%","2.4%","42.6%","29.1%","19.9%","8.4%","2.4%","1,342","43"
"360500","新余市","121.3","4,197","346.0","2,602","0.62","NaN%","86.3%","78.1%","3.9%","2.2%","40.8%","30.0%","21.3%","7.9%","1.6%","332","13"
"360600","鹰潭市","115.4","4,027","349.0","2,497","0.62","NaN%","85.9%","77.3%","4.0%","2.3%","43.0%","27.4%","20.4%","9.2%","1.3%","371","14"
"360700","赣州市","897.0","30,139","336.0","18,084","0.60","NaN%","80.6%","74.8%","4.9%","3.6%","45.7%","26.8%","17.1%","10.4%","2.1%","3,134","71"
"360800","吉安市","438.0","14,936","341.0","9,559","0.64","NaN%","78.2%","72.4%","5.4%","3.8%","47.3%","26.0%","18.0%","8.7%","1.1%","1,299","35"
"360900","宜春市","499.0","18,064","362.0","11,741","0.65","NaN%","81.3%","73.9%","5.1%","3.8%","46.1%","27.3%","19.0%","7.6%","1.2%","1,373","38"
"361000","抚州市","361.0","12,743","353.0","8,411","0.66","NaN%","77.4%","71.9%","5.7%","4.1%","47.8%","25.2%","18.1%","8.9%","0.9%","1,134","29"
"361100","上饶市","639.0","23,387","366.0","15,436","0.66","NaN%","76.1%","70.8%","6.1%","4.4%","45.2%","25.9%","17.7%","11.2%","1.1%","2,619","45"
