"病种","新发例数","占全部发病","跨省流出率","跨省流出例数","早诊率I加II期","次均住院费用元","全国发病占比"
"白血病","3,038","1.9%","26.8%","815","33.4%","78,600","1.9%"
"脑及中枢神经系统","2,718","1.7%","23.3%","634","24.1%","66,400","1.7%"
"骨与关节","1,119","0.7%","21.3%","238","30.6%","58,900","0.7%"
"胰腺","4,637","2.9%","16.5%","765","12.6%","61,200","2.9%"
"肝","14,232","8.9%","14.6%","2,079","25.8%","48,700","8.9%"
"胃","13,752","8.6%","10.4%","1,433","34.2%","45,300","8.6%"
"肺","23,987","15.0%","8.5%","2,029","26.4%","52,400","15.0%"
"食管","9,755","6.1%","7.9%","767","29.7%","47,600","6.1%"
"结直肠","11,833","7.4%","7.1%","839","31.5%","49,800","7.4%"
"宫颈","4,158","2.6%","6.1%","252","44.8%","38,600","2.6%"
"乳腺","13,113","8.2%","5.3%","694","52.3%","41,200","8.2%"
"前列腺","5,437","3.4%","4.2%","228","47.6%","36,900","3.4%"
"甲状腺","15,671","9.8%","2.8%","442","68.4%","21,500","9.8%"
"其他","37,099","23.2%","7.5%","2,789","35.2%","44,100","23.2%"
